{"cameraMode":{"drawMode":0,"name":"Shaded","section":"Shading Mode"},"sceneLighting":true,"audioPlay":false,"sceneViewState":{"showFog":true,"showMaterialUpdate":false,"showSkybox":false,"showFlares":true,"showImageEffects":true,"showParticleSystems":true},"in2DMode":false,"pivot":{"x":180.62745666503907,"y":80.23917388916016,"z":88.7290267944336},"rotation":{"x":-0.0000640885773464106,"y":0.9985738396644592,"z":-0.05337485298514366,"w":-0.001198426354676485},"size":17.81289291381836,"orthographic":false}