{"cameraMode":{"drawMode":0,"name":"Shaded","section":"Shading Mode"},"sceneLighting":true,"audioPlay":false,"sceneViewState":{"showFog":true,"showMaterialUpdate":false,"showSkybox":false,"showFlares":true,"showImageEffects":true,"showParticleSystems":true},"in2DMode":false,"pivot":{"x":179.64540100097657,"y":79.65715026855469,"z":90.8621597290039},"rotation":{"x":-0.0009502769098617137,"y":0.9955980777740479,"z":-0.0931694433093071,"w":-0.010154476389288903},"size":1.668574333190918,"orthographic":false}